canonical_name,alias,language
Abigail,Abi,es
Abril,Abi,es
Abril,Ari,es
Abril,Bril,es
Adalberto,Betito,es
Adalberto,Beto,es
Adalberto,Dálber,es
Adalberto,Ádal,es
Adalilia,Ada,es
Adalilia,Lili,es
Adamaris,Ada,es
Adela,Ade,es
Adela,Adelita,es
Adela,Dela,es
Adelaida,Adela,es
Adelina,Ade,es
Adelina,Adeli,es
Adelina,Ady,es
Adelina,Lina,es
Adolfo,Ado,es
Adolfo,Fito,es
Adolfo,Ádolf,es
Adoración,Ado,es
Adoración,Dori,es
Adriana,Adri,es
Adrián,Adri,es
Adrián,Adria,es
Adrián,Adriano',es
Adrián,Alucard,es
Adrián,Ey Drian,es
Agustina,Agu,es
Agustina,Agus,es
Agustina,Agusita,es
Agustina,Gus,es
Agustina,Tina,es
Agustina,Tinita,es
Agustín,Agu,es
Agustín,Agus,es
Agustín,Tin,es
Alba,Al,es
Alba,Albi,es
Alba,Albita,es
Alba,Bita,es
Alberto,Al,es
Alberto,Alber,es
Alberto,Albertico,es
Alberto,Berto,es
Alberto,Bertín,es
Alberto,Beto,es
Alberto,Buichi,es
Alberto,Tito,es
Alberto,Tucho,es
Alberto,Tuco,es
Alejandra,Ale,es
Alejandra,Aleja,es
Alejandra,Alejita,es
Alejandra,Alita,es
Alejandra,Alu,es
Alejandra,Jana,es
Alejandra,Jandra,es
Alejandra,Lali,es
Alejandro,Ale,es
Alejandro,Alex,es
Alejandro,Jandro,es
Alexander,Alexis,es
Alexander,Alexito,es
Alexander,Lex,es
Alexander,Xandro,es
Alexander,Álex,es
Alexandra,Ale,es
Alexandra,Alexa,es
Alexandra,Andra,es
Alexandra,Sandra,es
Alexandra,Xandra,es
Alexandra,Álex,es
Alfonso,Al,es
Alfonso,Alf,es
Alfonso,Alfon,es
Alfonso,Foncho,es
Alfonso,Fonsi,es
Alfonso,Fonso,es
Alfonso,Loncho,es
Alfonso,Pocho,es
Alfonso,Pocholo,es
Alfonso,Ponchis,es
Alfonso,Poncho,es
Alfonso,Poto,es
Alfonso,Sito,es
Alfonso,Sonny,es
Alma,Almi,es
Alma,Almita,es
Alma,Ma,es
Almudena,Almu,es
Almudena,Dena,es
Almudena,Deni,es
Almudena,Mu,es
Almudena,Mude,es
Amanda,Mandi,es
Amapola,Pola,es
Amelia,Ame,es
Amelia,Ameli,es
Amelia,Amelita,es
Amelia,Meli,es
Amelia,Melia,es
Amparo,Amparito,es
Amparo,Charo,es
Andrea,Andi,es
Andrea,Andre,es
Andrea,Andreíta,es
Andrea,Andru,es
Andrea,Ane,es
Andrea,Dreica,es
Andrea,Nea,es
Andrea,Tish,es
Andreína,Andre,es
Andrés,Andi,es
Andrés,Andre,es
Andrés,Andriu,es
Angelina,Ange,es
Angelina,Angi,es
Angelina,Angie,es
Angelina,Ann,es
Angelina,Anyi,es
Angélica,Ange,es
Angélica,Angeliquita,es
Angélica,Angi,es
Angélica,Anyi,es
Anselmo,Selmo,es
Antoinette,Anto,es
Antoinette,Antu,es
Antoinette,Atún,es
Antolín,Antolinito,es
Antolín,Tolín,es
Antonella,Anto,es
Antonella,Antonelita,es
Antonella,Nela,es
Antonia,Anto,es
Antonia,Antoñita,es
Antonia,Tonia,es
Antonia,Tonina,es
Antonia,Toña,es
Antonia,Toñi,es
Antonieta,Anto,es
Antonieta,Toni,es
Antonieta,Toña,es
Antonieta,Toñeta,es
Antonio,Anto,es
Antonio,Antolín,es
Antonio,Antoñito,es
Antonio,Antoñuelo,es
Antonio,Antoñín,es
Antonio,Antuco,es
Antonio,Antón,es
Antonio,Choño,es
Antonio,Toni,es
Antonio,Tonio,es
Antonio,Tono,es
Antonio,Toñito,es
Antonio,Toño,es
Antonio,Toñín,es
Antonio,Ñico,es
Apolinar,Polo,es
Araceli,Ara,es
Araceli,Arita,es
Araceli,Celi,es
Araceli,Cheli,es
Araceli,Leli,es
Araceli,Lili,es
Arath,Aran,es
Arath,Ari,es
Arath,Tati,es
Arcadio,Cadio,es
Arcadio,Cayo,es
Argentina,Tina,es
Argentina,Titina,es
Argimiro,Tito,es
Ariadna,Ari,es
Ariel,Ari,es
Ariel,Arielito,es
Aristeo,Teo,es
Armando,Armi,es
Armando,Mandis,es
Armando,Mando,es
Arsenio,Chenio,es
Arsenio,Cheno,es
Artemio,Temo,es
Arturo,Artur,es
Arturo,Turito,es
Asunción,Asun,es
Asunción,Chon,es
Asunción,Choni,es
Atanasio,Tacho,es
Augusto,Guti,es
Augusto,Guto,es
Avelino,Velino,es
Azucena,Cena,es
Baldomero,Baldo,es
Baltazar,Balta,es
Bartolomé,Bart,es
Bartolomé,Bartolo,es
Bartolomé,Mome,es
Bartolomé,Tolo,es
Bautista,Bauche,es
Bautista,Bauti,es
Bautista,Tista,es
Beatriz,Bea,es
Beatriz,Beatri,es
Beatriz,Bequi,es
Beatriz,Beti,es
Beatriz,Bia,es
Belén,Bel,es
Belén,Belencilla,es
Belén,Belencita,es
Belén,Belu,es
Benedicto,Ben,es
Benedicto,Beni,es
Benedicto,Benito,es
Benjamín,Ben,es
Benjamín,Beni,es
Benjamín,Benito<ref name=razón/>,es
Benjamín,Benja,es
Benjamín,Benji,es
Benjamín,Benjita,es
Benjamín,Chamín,es
Benjamín,Jamín,es
Benjamín,Min,es
Benjamín,Mincho,es
Berenice,Bere,es
Bernardo,Berna,es
Bernardo,Berni,es
Bernardo,Beñallo,es
Bernardo,Beño,es
Bernardo,Nardo,es
Bibiana,Bibi,es
Blanca,Blan,es
Blanca,Blanquita,es
Bonifacio,Boni,es
Bonifacio,Facio,es
Borja,Borji,es
Borja,Borjita,es
Bulmaro,Maro,es
Bárbara,Bar,es
Bárbara,Barbarita,es
Bárbara,Barbi,es
Camila,Cami,es
Camila,Mila,es
Camila,Mili,es
Camilo,Cami,es
Camilo,Chamilo,es
Camilo,Milo,es
Carlos,Caliche,es
Carlos,Carl,es
Carlos,Carlitos,es
Carlos,Carmelo,es
Carlos,Charli,es
Carlos,Charly,es
Carlos,Chaz,es
Carlos,Letes,es
Carlos,Litos,es
Carmen,Camucha,es
Carmen,Carmela,es
Carmen,Carmelilla,es
Carmen,Carmeluchi,es
Carmen,Carmencita,es
Carmen,Coqui,es
Carmen,Mamen,es
Carmen,Menchu,es
Carolina,Callolla,es
Carolina,Calola,es
Carolina,Carito,es
Carolina,Caro,es
Carolina,Carol,es
Carolina,Carola,es
Carolina,Lina,es
Carolina,Nina,es
Carolina,lola,es
Catalina,Cata,es
Catalina,Cati,es
Catalina,Lina,es
Cayetano,Tano,es
Cecilia,Ceci,es
Cecilia,Chechi,es
Cecilia,Chechu,es
Cecilia,Chila,es
Ceferino,Cefe,es
Celedonia,Cele,es
Celeste,Cel,es
Celeste,Celes,es
Celestino,Celes,es
Celestino,Tino,es
Celia,Ce,es
Celia,Chela,es
Cenovio,Ceno,es
Cintia,Chicharra,es
Cintia,Chichi,es
Cintia,Cin,es
Cintia,Cinti,es
Clara,Ara,es
Clara,Chia,es
Clara,Clari,es
Clara,Clarita,es
Clara,Cler,es
Claudia,Clau,es
Claudia,Claudi,es
Claudia,Clota,es
Claudio,Cayo,es
Claudio,Clau,es
Claudio,Claudi,es
Claudio,Claudito,es
Claudio,Claus,es
Concepción,Chon,es
Concepción,Chun,es
Concepción,Conce,es
Concepción,Concha,es
Concepción,Conchi,es
Concepción,Conchita,es
Conrado,Rado,es
Constantino,Consta,es
Constantino,Constan,es
Constantino,Cos,es
Constantino,Tante,es
Constantino,Tino,es
Constantino,Tinín,es
Constanza,Cona,es
Constanza,Coni,es
Constanza,Consi,es
Constanza,Coti,es
Constanza,Coty,es
Crescenciano,Chano,es
Crescencio,Chencho,es
Crisanto,Cris,es
Crisanto,Santo,es
Cristian,Cris,es
Cristina,Cris,es
Cristina,Crispis,es
Cristina,Cristi,es
Cristina,Quichi,es
Cristina,Tina,es
Cristina,Tita,es
Cristina,Titi,es
Cristina,Titina,es
Cristóbal,Cris,es
Cristóbal,Cristi,es
Cristóbal,Cristo,es
Cristóbal,Tobi,es
Cristóbal,Tóbal,es
Cuauhtémoc,Cuauh,es
Cuauhtémoc,Temo,es
Custodio,Todio,es
Custodio,Toyo,es
Cátherin,Cate,es
Cátherin,Cati,es
Cátherin,Katty,es
César,Cesarini,es
César,Cesario,es
César,Cesarín,es
César,Cesi,es
César,Ceso,es
César,Checha,es
César,Chechai,es
César,Chichitar,es
César,Chícharo,es
César,Sari,es
César,Tésar,es
Dagoberto,Beto,es
Dagoberto,Dago,es
Daniela,Dan,es
Daniela,Dani,es
Daniela,Ela,es
Daniela,Nani,es
Daniela,Niela,es
Darío,Dari,es
Darío,Llallío,es
David,Dave,es
David,Davi,es
David,Davicho,es
David,Davicillo,es
David,Davo,es
David,Deivid,es
Davinia,Davi,es
Denisse,Den,es
Denisse,Deni,es
Denisse,Denu,es
Desiderio,Desi,es
Desiderio,Yeyo,es
Diana,Di,es
Diana,Dianis,es
Diego,Diegui,es
Diego,Guillo,es
Diego,Yago,es
Diego,Yeyo,es
Dionisio,Dioni,es
Dolores,Lola,es
Dolores,Loles<ref name=UPB />,es
Dolores,Loli,es
Dolores,Lolita,es
Domingo,Chomin,es
Domingo,Chuma,es
Domingo,Chumingo,es
Domingo,Do,es
Domingo,Domi,es
Domingo,Domo,es
Domingo,Minga,es
Domingo,Mingo,es
Doménica,Dome,es
Donaldo,Dioni,es
Donaldo,Don,es
Donaldo,Doni,es
Donato,Don,es
Donato,Nato,es
Doribeth,Beth,es
Doribeth,Dora,es
Doribeth,Dori,es
Dorotea,Dora,es
Dorotea,Dori,es
Edilberto,Beto,es
Edilberto,Edi,es
Edilberto,Edil,es
Edmundo,Edu,es
Edmundo,Mundo,es
Edmundo,Muno,es
Eduardo,Duardo,es
Eduardo,Edu,es
Eduardo,Eduardillo Edu,es
Eduardo,Eduardito,es
Eduardo,Gualo,es
Eduardo,Guayo,es
Eduardo,Lalo,es
Eduardo,Wardo,es
Eduardo,Yayo,es
Eduviges,Edu,es
Eladia,Yaya,es
Eleazar,Lechi,es
Eleida,Eli,es
Eleuterio,Lute,es
Eliseo,Eli,es
Eliseo,Licho,es
Elizabeth,Beth,es
Elizabeth,Eli,es
Elizabeth,Eliza,es
Elizabeth,Lilibeth,es
Elizabeth,Liz,es
Elizabeth,Liza,es
Elizabeth,Zabeth,es
Eliézer,Lechi,es
Elvira,Elvi,es
Elvira,Virita,es
Emanuel,Ema,es
Emanuel,Manu,es
Emerenciana,Emeren,es
Emerenciana,Mere,es
Emigdio,Millo,es
Emilia,Emi,es
Emilia,Emilita,es
Emilia,Mimí,es
Emiliano,Emi,es
Emiliano,Lano,es
Emiliano,Melu,es
Emiliano,Melucho,es
Emiliano,Millán,es
Encarnación,Encar,es
Encarnación,Encarna,es
Encarnación,Encarni,es
Encarnación,Nani,es
Engelberto,Beto,es
Engelberto,Engel,es
Engracia,Engraci,es
Engracia,Gracia,es
Enrique,Kike,es
Enrique,Quique,es
Erasmo,Eras,es
Ernestina,Neti,es
Ernestina,Tina,es
Ernesto,Erne,es
Ernesto,Erni,es
Ernesto,Nesti,es
Ernesto,Neto,es
Ernesto,Tito,es
Erubiel,Eru,es
Esmeralda,Esme,es
Esperanza,Espe,es
Esperanza,Lancha,es
Esperanza,Pancha,es
Esperanza,Pelancha,es
Esperanza,Pera,es
Estanislao,Estanis,es
Estanislao,Tani,es
Esteban,Chano,es
Esteban,Teban,es
Esteban,Tebo,es
Estefanía,Estefa,es
Estefanía,Estefi,es
Estefanía,Esti,es
Estefanía,Fani,es
Estefanía,Fefa,es
Estefanía,Nani,es
Estefanía,Nia,es
Estefanía,Steffi,es
Estefanía,Steffy,es
Estefanía,Stefi,es
Estefanía,Stefy,es
Estefanía,Tefa,es
Estefanía,Teffi,es
Estefanía,Teffy,es
Estefanía,Tefi,es
Estela,Esti,es
Estela,Tela,es
Estrella,Estrellita,es
Estéfano,Tefo,es
Eugenia,Euge,es
Eugenia,Geni,es
Eugenia,Genia,es
Eugenia,Quena,es
Eugenia,Queni,es
Eugenia,Uge,es
Eugenio,Eu,es
Eugenio,Eyu,es
Eugenio,Geñi,es
Eugenio,Geño,es
Eugenio,Queno,es
Eugenio,Uge,es
Eulalia,Lala,es
Eulalia,Lali,es
Eulalia,Laya,es
Eusebio,Chebo,es
Eusebio,Sebio,es
Eustaquio,Taqui,es
Eva,Evi,es
Eva,Evita,es
Evaluna,Eva,es
Evaluna,Evalu,es
Evaluna,Evi,es
Evaluna,Luna,es
Evaristo,Evas,es
Evaristo,Risto,es
Evaristo,Varis,es
Everardo,Eber,es
Ezequiel,Cheque,es
Ezequiel,Eze,es
Ezequiel,Zacky,es
Ezequiel,Zeke,es
Fabiola,Fabi,es
Fabián,Fabi,es
Fabián,Fabiancho,es
Fabricio,Fabri,es
Facundo,Cundejo,es
Facundo,Cundo,es
Facundo,Facu,es
Facundo,Facun,es
Federico,Fede,es
Federico,Fellico,es
Federico,Fello<ref name=razón/>,es
Federico,Fico,es
Federico,Fred,es
Federico,Fredi,es
Federico,Kiko,es
Federico,Pico,es
Federico,Quico,es
Felipe,Feli,es
Felipe,Lipe,es
Felipe,Pipe,es
Felipe,Pipo,es
Fermín,Fermincho,es
Fermín,Ferminchu,es
Fermín,Mincho,es
Fermín,Minchu,es
Fernanda,Fer,es
Fernanda,Feña,es
Fernanda,Feñi,es
Fernanda,Nanda,es
Fernando,Fer,es
Fernando,Fercho,es
Fernando,Ferdo,es
Fernando,Ferna,es
Fernando,Fernan,es
Fernando,Ferni,es
Fernando,Fernán,es
Fernando,Feña,es
Fernando,Nando,es
Fernando,Nano,es
Fernández,Fernandez,es
Fidencio,Fide,es
Filiberto,Beto,es
Filiberto,Fili,es
Fiorella,Ela,es
Fiorella,Fio,es
Fiorella,Fiore,es
Fiorella,Lela,es
Flavia,Flavi,es
Florencia,Flor,es
Florencia,Flora,es
Florencia,Florcis,es
Florencia,Floren,es
Florencio,Flo,es
Florencio,Floren,es
Florentina,Flor,es
Florentina,Flora,es
Florentina,Florcita,es
Florentina,Floren,es
Florentina,Tina,es
Florentino,Flo,es
Florentino,Floren,es
Florentino,Tino,es
Florinda,Flor,es
Florinda,Linda,es
Francisca,Cisca,es
Francisca,Fran,es
Francisca,Franci,es
Francisca,Francis,es
Francisca,Paca,es
Francisca,Pancha,es
Francisca,Panchita,es
Francisca,Paqui,es
Francisca,Paquita,es
Francisco,Chencho,es
Francisco,Chesco,es
Francisco,Chico,es
Francisco,Chisco,es
Francisco,Chuco,es
Francisco,Cino,es
Francisco,Cinos,es
Francisco,Cisco,es
Francisco,Curro,es
Francisco,Fran,es
Francisco,Franchi,es
Francisco,Francho,es
Francisco,Franchu,es
Francisco,Franci,es
Francisco,Francis,es
Francisco,Franco,es
Francisco,Frasco,es
Francisco,Isco,es
Francisco,Kiko,es
Francisco,Pachi,es
Francisco,Pacho,es
Francisco,Paco,es
Francisco,Panchi,es
Francisco,Pancho,es
Francisco,Panco,es
Francisco,Papico,es
Francisco,Paquito,es
Francisco,Pato,es
Fuensanta,Fuen,es
Fuensanta,Santi,es
Fulgencio,Chencho,es
Fulgencio,Fucho,es
Fulgencio,Fulgen,es
Fulgencio,Pencho,es
Fátima,Fati,es
Félix,Felisín,es
Gabriel,Biel,es
Gabriel,Gabi,es
Gabriel,Gabito,es
Gabriel,Gabo,es
Gabriel,Gabri,es
García,Garcia,es
Gaspar,Gaspi,es
Gaspar,Gospor,es
Gastón,Gas,es
Gastón,Gasti,es
Gastón,Gastoncito,es
Gastón,Tato,es
Genaro,Gena,es
Genaro,Narito,es
Genaro,Naro,es
Generosa,Geni,es
Genoveva,Geno,es
Genoveva,Veva,es
Gerardo,Gera,es
Germán,Ger,es
Germán,Man,es
Germán,Mancho,es
Gertrudis,Tula,es
Gilberto,Beto<ref name=razón/>,es
Gilberto,Gil,es
Gildardo,Dardo,es
Gildardo,Gil,es
Giuliana,Gigi,es
Giuliana,Giu,es
Giuliana,Giulia,es
Giuliana,Giuls,es
Giuliana,Giuly,es
Giuliana,Lia,es
Giuliana,Yuya,es
González,Gonzalez,es
Graciano,Chano,es
Graciela,Chela,es
Graciela,Cheli,es
Gregoria,Goya,es
Gregoria,Grégori,es
Gregorio,Goyo,es
Gregorio,Greg,es
Gregorio,Gregor,es
Griselda,Celda,es
Griselda,Gris,es
Guadalupe,Guada,es
Guadalupe,Lupe,es
Guadalupe,Lupita,es
Guadalupe,Pupe,es
Gualberto,Beto,es
Guillermo,Chemo,es
Guillermo,Guille,es
Guillermo,Guillo,es
Guillermo,Guillote,es
Guillermo,Güi,es
Guillermo,Güil,es
Guillermo,Güili,es
Guillermo,Llemo,es
Guillermo,Memo,es
Guillermo,Mollergui,es
Gumersindo,Gúmer,es
Gumersindo,Sindo,es
Gustavo,Gus,es
Gustavo,Tavi,es
Gustavo,Tavo,es
Heliodora,Dora,es
Heraclio,Clio,es
Heraclio,Hera,es
Heriberto,Berto,es
Heriberto,Beto,es
Heriberto,Erick,es
Heriberto,Heri,es
Herlinda,Linda,es
Hermelinda,Linda,es
Hermelinda,Mela,es
Hermenegildo,Herme,es
Hermila,Mila,es
Herminia,Mini,es
Herminia,Miñuca,es
Hernán,Erni,es
Hernán,Her,es
Hernán,Nan,es
Hernán,Nano,es
Hilario,Hilo,es
Hipólito,Lito,es
Hipólito,Poli,es
Hipólito,Polito,es
Hipólito,Polo,es
Horacio,Lacho,es
Hortensia,Tencha,es
Hugo,Chucho,es
Hugo,Chuchu,es
Hugo,Gito,es
Hugo,Hugi,es
Humberto,Beto,es
Humberto,Humbi,es
Humberto,Remberth,es
Idalia,Dali,es
Idalia,Yaya,es
Idalia,Yayis,es
Ignacio,Chete,es
Ignacio,Igna,es
Ignacio,Igni,es
Ignacio,Iñaki,es
Ignacio,Nachete,es
Ignacio,Nacho,es
Ignacio,Nachín,es
Ignacio,Ñaco,es
Ignacio,Ñaki,es
Imanol,Ima,es
Imelda,Ime,es
Imelda,Melda,es
Imelda,Melly,es
Indalecio,Lencho,es
Ingrid,Gri,es
Ingrid,Ingri,es
Inmaculada,Ada,es
Inmaculada,Inma,es
Inmaculada,Macu,es
Inocencio,Chencho,es
Inés,Ine,es
Inés,Necho,es
Inés,Nesha,es
Inés,Nesi,es
Iridian,Iris,es
Isabel,Chabela,es
Isabel,Isa,es
Isabella,Bela,es
Isabella,Bella,es
Isabella,Ela,es
Isabella,Isa,es
Isaí,Chay,es
Isela,Chela,es
Ismael,Isma,es
Ismael,Mae,es
Ismael,Maye,es
Ismael,Mayelo,es
Israel,Chisra,es
Israel,El,es
Israel,Elito,es
Israel,Ichi,es
Israel,Isra,es
Israel,Rael,es
Israel,Rayo,es
Ivet,Ive,es
Ivet,Ivi,es
Ivet,Tita,es
Iván,Ivancho,es
Iván,Ivi,es
Iván,Vani,es
Jacinto,Chinto,es
Jacobo,Chak,es
Jacobo,Chaki,es
Jacobo,Jaco,es
Jacobo,Yak,es
Jaime,Jaimito,es
Jairo,Jairito,es
Jairo,Jar,es
Jairo,Jarrote,es
Jairo,Jirio,es
Javier,Jape,es
Javier,Javi,es
Javier,Javis,es
Javier,Javo,es
Jenny,Tanny,es
Jerónimo,Jero,es
Jerónimo,Mino,es
Jerónimo,Momo,es
Jerónimo,Nimo,es
Jerónimo,Ñimo,es
Jesús,Cazú,es
Jesús,Chechu,es
Jesús,Chuche,es
Jesús,Chuchi,es
Jesús,Chucho,es
Jesús,Chuchú,es
Jesús,Chule,es
Jesús,Chus,es
Jesús,Chuso,es
Jesús,Chuy,es
Jesús,Chuza,es
Jesús,Chúo,es
Jesús,Jechu,es
Jesús,Jes,es
Jesús,Jesulin,es
Jesús,Jesulito,es
Jesús,Quechu,es
Jesús,Susi,es
Jesús,Suso,es
Jesús,Yisus,es
Joaquín,Chimo,es
Joaquín,Joaco,es
Joaquín,Joaqui,es
Joaquín,Kin,es
Joaquín,Quini,es
Joaquín,Quino,es
Joaquín,Ximo,es
Jorge,Choche,es
Jorge,Coco,es
Jorge,Coque,es
Jorge,Gorgo,es
Jorge,Jordi,es
Jorge,Koke,es
Jorge,Yorch,es
Josafat,Josa,es
José,Che,es
José,Cheo,es
José,Chepe,es
José,Cote,es
José,Coto,es
José,Joche,es
José,Joché,es
José,Jose (palabra llana),es
José,Josecito,es
José,Joselito,es
José,Josi,es
José,Josito,es
José,Jota,es
José,Jotita,es
José,Pepe,es
José,Pepito,es
José,Pepo,es
José,Pepín,es
José,[[Pepe]],es
Juana,Juancha,es
Juana,Juani,es
Juana,Juanita,es
Juana,Nani,es
Julia,Ju,es
Julia,Juli,es
Julia,Julita,es
Julia,Yulia,es
Julia,Yuya,es
Juliana,Guli,es
Juliana,Juli,es
Juliana,Yuli,es
Julio,Chul,es
Julio,Ju,es
Julio,Jul,es
Julio,Julito,es
Julio,July,es
Julio,Yuyo,es
Julián,Juli,es
Junipero,Juni,es
Justino,Justi,es
Justino,Nino,es
Justino,Tino,es
Juvenal,Juve,es
Juventino,Juve,es
Juventino,Tino,es
Karime,Kari,es
Karina,Kari,es
Kevin,Kev,es
Kimberli,Berli,es
Kimberli,Kim,es
Kimberli,Kimi,es
Ladislao,Ladis,es
Ladislao,Lalo,es
Lara,Lali,es
Lara,Lalu,es
Lara,Lari,es
Lara,Larita,es
Lara,Laru,es
Lara,Laruchi,es
Larissa,Isa,es
Larissa,Lara,es
Larissa,Laris,es
Laureano,Lau,es
Lautaro,Lau,es
Lautaro,Laucha (en [[Argentina]]),es
Lautaro,Lauta,es
Lautaro,Lauti,es
Leandro,Lean,es
Leandro,Lele,es
Leobardo,Bardo,es
Leobardo,Leo,es
Leonardo,Cloro,es
Leonardo,Leo,es
Leonardo,Loni,es
Leonardo,Nardo,es
Leonardo,Pecas,es
Leoncio,Leo,es
Leonel,Leo,es
Leopoldo,Leo,es
Leopoldo,Polo,es
Lesli,Les,es
Lesli,Lilí,es
Lesli,Maga,es
Lesli,Maguza,es
Leyre,Eri,es
Liduvina,Lidu,es
Ligia,Lily,es
Lina,Lini,es
Lina,Linis,es
Linet,Et,es
Linet,Li,es
Linet,Lin,es
Linet,Né,es
Lionel,Leo,es
Lionel,Lio,es
Livian,An,es
Livian,Ian,es
Livian,Liv,es
Livian,Livi,es
Livian,Vian,es
Lizbeth,Beth,es
Lizbeth,Lichi,es
Lizbeth,Lis,es
Lizbeth,Lisa,es
Lorea,Lore,es
Lorea,Loreji,es
Lorenia,Lore,es
Lorenia,Loren,es
Lorenia,Loreny,es
Lorenzo,Chencho,es
Lorenzo,Enzo,es
Lorenzo,Lencho,es
Lorenzo,Lolo,es
Lorenzo,Lore,es
Lorenzo,Loren,es
Lorenzo,Ren,es
Lorenzo,Renzo,es
Lourdes,Lula,es
Lourdes,Luli,es
Lourdes,Lulú,es
Lucas,Lu,es
Lucas,Luca,es
Lucas,Lucho,es
Lucas,Luqui,es
Lucas,Luquitas,es
Lucho,Lu,es
Lucho,Luchi,es
Lucho,Luchito,es
Luciana,Chana,es
Luciana,Lu,es
Luciana,Lucha,es
Lucila,Lu,es
Lucila,Lucha,es
Lucila,Luchi,es
Lucila,Luchita,es
Lucila,Lula,es
Lucila,Luli,es
Lucilma,Luci,es
Lucio,Lu,es
Lucio,Luchi,es
Lucio,Lucho,es
Lucrecia,Quecha,es
Ludivina,Ludi,es
Luis,Güicho,es
Luis,Lu,es
Luis,Luchi,es
Luis,Luchito,es
Luis,Lucho,es
Luis,Luchín,es
Luis,Luichi,es
Luis,Luigi,es
Luis,Luilli,es
Luis,Luises,es
Luis,Luisico,es
Luis,Luisillo,es
Luis,Luisito,es
Luis,Lula,es
Luis,Sito,es
Luisa,Güisi,es
Luisa,Lu,es
Luisa,Lucha,es
Luisa,Luisi,es
Luisa,Lulú,es
Luján,Luji,es
Luján,Luli,es
Luján,Lulú,es
Luzdivina,Ludi,es
Luzdivina,Luz,es
López,Lopez,es
Macario,Mac,es
Maclovio,Mac,es
Magaly,Maga,es
Maite,Mai,es
Maite,May,es
Maite,Mayi,es
Manuel,Lolo,es
Manuel,Manolo,es
Manuel,Manu,es
Manuela,Manola,es
Manuela,Manoli,es
Manuela,Manolita,es
Manuela,Manu,es
Manuela,Melly,es
Manuela,Neli,es
Manuela,Nellita,es
Manuela,Nelly,es
Mara,Marita,es
Mara,Mary,es
Marcela,Chela,es
Marcela,Mache,es
Marcela,Marce,es
Marcelino,Lino,es
Marcelino,Marce,es
Marcelo,Chelini,es
Marcelo,Chelo,es
Marcelo,Marce,es
Marcelo,Marceloco,es
Margarita,Maga,es
Margarita,Mago,es
Margarita,Mague,es
Margarita,Magui,es
Margarita,Maguita,es
Margarita,Marga,es
Margarita,Margara,es
Margarita,Margari,es
Mariana,Ana,es
Mariana,Mari,es
Mariana,Marita,es
Mariana,Nita,es
Marianela,Mari,es
Marianela,Nela,es
Marianela,Nella,es
Maricela,Chela,es
Maricela,Mariquita,es
Maricela,Mary,es
Maricela,Merry,es
Marina,Mai,es
Marina,Mar,es
Marina,Mari,es
Marina,Marin,es
Mario,Io,es
Mario,Ito,es
Mario,Mar,es
Mario,Marcian,es
Mario,Marian,es
Mario,Marito,es
Mario,Mayito,es
Mario,Mayo,es
Mario,Morcio,es
Mario,Morio,es
Maritza,Mari,es
Maritza,Mitza,es
Marta,Marti,es
Marta,Martita,es
Marta,Martona,es
Marta,Martucha,es
Marta,Martuki,es
Martina,Martu,es
Martina,Tina,es
Martina,[[Tini Stoessel|Tini]],es
Martínez,Martinez,es
María,Mari,es
María,Mariquita,es
María,Marita,es
Matilda,Mati,es
Matilda,Tilda,es
Matilde,Mati,es
Matilde,Tilde,es
Matías,Joyería,es
Matías,Mate,es
Matías,Mati,es
Matías,Matiche,es
Matías,Matito,es
Matías,Mato,es
Matías,Matu,es
Matías,Matuche,es
Matías,Matuke,es
Matías,Matute,es
Maurilio,Mau,es
Maurilio,Mauri,es
Maurilio,Mauro,es
Maximiliano,Max,es
Maximiliano,Maxi,es
Maximiliano,Maxito,es
Maximino,Max,es
Maximino,Maxi,es
Maximino,Mino,es
Melchor,Melchi,es
Melina,Lina,es
Melina,Mel,es
Melina,Meli,es
Mercedes,Mecha,es
Mercedes,Mechas,es
Mercedes,Meche,es
Mercedes,Mef,es
Mercedes,Meme,es
Mercedes,Menchito,es
Mercedes,Mer,es
Mercedes,Merce,es
Mercedes,Merceditas,es
Mercedes,Merche,es
Mercedes,Merchi,es
Mercedes,Merci,es
Meredith,Dith,es
Meredith,Mer,es
Meredith,Mere,es
Micael,Mica,es
Micaela,Mica,es
Micaela,Mika,es
Micaela,Mimí,es
Micaela,Miqui,es
Miguel,Micky,es
Miguel,Migu,es
Miguel,Migue,es
Miguel,Miguelon,es
Miguel,Minguela,es
Miguel,Míchel,es
Miguel,Míguel (palabra llana),es
Milagros,Mila,es
Milagros,Mili,es
Milagros,Milizhita,es
Milagros,Minie,es
Milena,Lena,es
Milena,Mile,es
Milena,Nena,es
Minerva,Mine,es
Minerva,Mini,es
Miriam,Mimi,es
Miriam,Miri,es
Misericordia,Cori,es
Misericordia,Mise,es
Moisés,Moy,es
Montserrat,Mon,es
Montserrat,Monchi,es
Montserrat,Monse,es
Montserrat,Monti,es
Montserrat,Montse,es
Montserrat,Montsina,es
Montserrat,Serrat,es
Mónica,Mona,es
Mónica,Moni,es
Mónica,Monicaca,es
Mónica,Nica,es
Nacional,Nachito,es
Nacional,Nacho (en Ecuador),es
Nacional,Nachonal,es
Nadia,Nadi,es
Nadia,Nana,es
Nadia,Nani,es
Nadia,Nayi,es
Nadia,Nayita,es
Nahuel,Huel,es
Nahuel,Nahu,es
Nahuel,Nahue,es
Nahuel,Nahuelcito,es
Nahuel,Nahuelito,es
Narciso,Nachito (ambos en Ecuador),es
Narciso,Nacho,es
Natalia,Nata,es
Natalia,Nati,es
Natalia,Natu,es
Natividad,Nati,es
Nayeli,Naye,es
Nayeli,Yeli,es
Nazarena,Nachi,es
Nazarena,Naza,es
Nazareno,Nachi,es
Nazareno,Naza,es
Nelson,Nechon,es
Nicanora,Nica,es
Nicolás,Colacho,es
Nicolás,Colate<ref name=razón/>,es
Nicolás,Colás,es
Nicolás,Nico,es
Nicolás,Ñico,es
Nieves,Ni,es
Nieves,Nie,es
Noelia,Noe,es
Noelia,Noeli,es
Noemí,Mimí,es
Noemí,Noe,es
Norberto,Berto,es
Norberto,Bertín,es
Norberto,Beto,es
Nuria,Nuri,es
Nuria,Nurieta,es
Nuria,Nurita,es
Obdulia,Duli,es
Obdulia,Dulia,es
Obdulia,Duti,es
Obdulia,Lulis,es
Olegario,Gario,es
Olegario,Ole,es
Olga,Olguita,es
Olimpea,Oli,es
Oliver,Oli,es
Oliverio,Oli,es
Olivia,Liv,es
Olivia,Livi,es
Olivia,Livia,es
Olivia,Oli,es
Olivia,Olive,es
Omar,Chito,es
Oralia,Yaya,es
Orlando,Landi,es
Pablo,Pa,es
Pablo,Pableras,es
Pablo,Pablete,es
Pablo,Pablito,es
Pablo,Pauloque,es
Pablo,Pol,es
Pamela,Pam,es
Pamela,Pame,es
Pascual,Pascu,es
Pastora,Pas,es
Pastora,Pasto,es
Pastora,Pastorita,es
Pastora,Tita,es
Patricia,Pat,es
Patricia,Pati,es
Patricia,Patito,es
Patricia,Pato,es
Patricia,Patri,es
Patricio,Pati,es
Patricio,Pato,es
Patricio,Patri,es
Patrocinio,Pati,es
Patrocinio,Patro,es
Pedro,Pedri,es
Pedro,Pedrito,es
Pedro,Perico,es
Pedro,Peyo,es
Pedro,Peyuco,es
Pelayo,Layo,es
Pelayo,Pela,es
Petronila,Nila,es
Petronila,Petra,es
Pilar,Cuca,es
Pilar,Pilarica,es
Pilar,Pilarín,es
Pilar,Pili,es
Pilar,Pilita,es
Pilar,Pilo,es
Pilar,Pilu,es
Pilar,Piluca,es
Pilar,Piluchi,es
Plutarco,Tarco,es
Priscila,Pri,es
Prudencio,Pruden,es
Purificación,Pura,es
Purificación,Puri,es
Pérez,Perez,es
Quetzaloloeztli,Quetza,es
Quintín,Kiki,es
Quintín,Quin,es
Quintín,Tin,es
Rafael,Fali,es
Rafael,Felo,es
Rafael,Felucho,es
Rafael,Fucho,es
Rafael,Rafa,es
Rafael,Rafeta,es
Rafael,Rafi,es
Rafael,Rafiqui,es
Rafael,Rafita,es
Rafael,Rafito,es
Rafael,Rafuchi,es
Rafael,Rafucho,es
Rafaela,Rafi,es
Ramiro,Ram,es
Ramiro,Rama,es
Ramiro,Rami,es
Ramiro,Ramis,es
Ramona,Mona,es
Ramona,Moncha,es
Ramona,Monchita,es
Ramona,Moni,es
Ramona,Monsi,es
Ramona,Ramo,es
Ramona,Ramoni,es
Ramona,Ramonita,es
Ramón,Mon,es
Ramón,Monche,es
Ramón,Monchi,es
Ramón,Monchis,es
Ramón,Monchito,es
Ramón,Moncho,es
Ramón,Mongo,es
Ramón,Mongué,es
Ramón,Monguín,es
Ramón,Ramonchu,es
Ramón,Ramoncito,es
Ramón,Ramoncín,es
Raquel,Quela,es
Raquel,Raque,es
Raquel,Raqui,es
Raquel,Rarra,es
Raúl,Alito,es
Raúl,Lito,es
Raúl,Rauli,es
Raúl,Raulito,es
Raúl,Raulín,es
Raúl,Ruli,es
Raúl,Rulo,es
Rebeca,Beca,es
Rebeca,Bequi,es
Rebeca,Rebe,es
Refugio,Cuca,es
Refugio,Cuco,es
Refugio,Refu,es
Refugio,Refuqui,es
Regina,Gina,es
Regina,Gini,es
Regina,Ginita,es
Regina,Regi,es
Regina,Reginita,es
Renata,Renatita,es
Renata,Renchu,es
Renata,Reni,es
Renato,Nato,es
Renato,Rena,es
Renato,Reno,es
Resurrección,Resu,es
Ricardo,Caio,es
Ricardo,Cardo,es
Ricardo,Chardiquen,es
Ricardo,Chardo,es
Ricardo,Dic,es
Ricardo,Jordan,es
Ricardo,Rancaio,es
Ricardo,Ri,es
Ricardo,Ric,es
Ricardo,Ricard,es
Ricardo,Ricart,es
Ricardo,Riches,es
Ricardo,Richi,es
Ricardo,Riqui,es
Ricardo,Rícar,es
Ricardo,Ríchar,es
Ricardo,Ríchard,es
Ricardo,Yayo,es
Ricardo,Yiya,es
Rigoberta,Berta,es
Rigoberto,Beto,es
Rigoberto,Rigo,es
Rita,Ita,es
Roberto,Berto,es
Roberto,Beto,es
Roberto,Bob,es
Roberto,Bobi,es
Roberto,Rob,es
Roberto,Robe,es
Roberto,Robin,es
Roberto,Rupe,es
Roberto,Róber,es
Roberto,Tito,es
Roberto,Toto,es
Rocío,Chito,es
Rocío,Rochi,es
Rocío,Roci,es
Rocío,Rociíto,es
Rodolfo,Bofo,es
Rodolfo,Fito,es
Rodolfo,Fofi,es
Rodolfo,Fofo,es
Rodolfo,Olfo,es
Rodolfo,Reno,es
Rodolfo,Rodi,es
Rodolfo,Rodo,es
Rodolfo,Rudi,es
Rodolfo,Rufus,es
Rodolfo,Tofi,es
Rodrigo,Ro,es
Rodrigo,Rod,es
Rodrigo,Rodri,es
Rodrigo,Rorro,es
Rodrigo,Roy,es
Rodrigo,Ruy,es
Rodrigo,Yiyo,es
Rodríguez,Rodriguez,es
Rogelio,Coque,es
Rogelio,Roge,es
Rogelio,Roger,es
Rogelio,Roy,es
Rogelio,Róller,es
Rolando,Rola,es
Rolando,Rolas,es
Rolando,Roli,es
Rolando,Rolis,es
Rolando,Rolo,es
Rolando,Rolán,es
Romulo,Mulo,es
Román,Ro,es
Román,Roco,es
Román,Romancho,es
Román,Romancio,es
Román,Romancito,es
Román,Romancín,es
Román,Romi,es
Rosalba,Rosi,es
Rosalía,Lila,es
Rosario,Chari,es
Rosario,Charo,es
Rosario,Chayis,es
Rosario,Chayo,es
Rosario,Rosi,es
Roselia,Yeya,es
Rosendo,Chendillo,es
Rosendo,Chendo,es
Rosendo,Sendo,es
Rubén,Rub,es
Rubén,Rubencho,es
Rubén,Rubencito,es
Rubén,Rubi,es
Rubén,Rubo,es
Rubén,Rus,es
Rufino,Fino,es
Rufino,Rufi,es
Rufino,Rufo,es
Rutilio,Rui,es
Salvador,Chava,es
Salvador,Chavita,es
Salvador,Chavo,es
Salvador,Doro,es
Salvador,Sal,es
Salvador,Salva,es
Salvador,Salvi,es
Salvador,Voro<ref name=razón/>,es
Salvadora,Dora,es
Salvadora,Dori,es
Salvadora,Dorita,es
Salvadora,Dorín,es
Salvadora,Sal,es
Salvadora,Salva,es
Samuel,Chamu,es
Samuel,Sam,es
Samuel,Sami,es
Samuel,Samu,es
Sandi,San,es
Sandi,Tami,es
Sandi,Tati,es
Sandi,Zami,es
Sandra,Chana,es
Sandra,San,es
Sandra,Sandi,es
Sandra,Sandrita,es
Santiago,Chago,es
Santiago,Santi,es
Santiago,Tiago,es
Sara,Sarandonga,es
Sara,Saris,es
Sara,Sarita,es
Sara,Sarus,es
Sebastián,Bastián,es
Sebastián,Chano,es
Sebastián,Seba,es
Sebastián,Sebas,es
Sebastián,Tatán,es
Sergio,Checho,es
Sergio,Chechu,es
Sergio,Checo,es
Sergio,Chejo,es
Sergio,Chencho,es
Sergio,Keko,es
Sergio,Kercho,es
Sergio,Queco,es
Sergio,Serch,es
Sergio,Sergi,es
Sergio,Sergito,es
Sergio,Yeyo,es
Servando,Vando,es
Severiano,Seve,es
Sheila,Sei,es
Sheila,Seila,es
Sheila,Sheili,es
Sigifredo,Sigi,es
Silvia,Chiva,es
Silvia,Chivis,es
Silvia,Sil,es
Silvia,Silvi,es
Silvia,Silvita,es
Simón,Saimon,es
Simón,Simoncho,es
Simón,Simoncito,es
Sixto,Chito,es
Socorro,Coco,es
Sofía,Chofi,es
Sofía,Chofis,es
Sofía,So,es
Sofía,Sofi,es
Sofía,Sofieta,es
Soledad,Chol,es
Soledad,Chola,es
Soledad,Chole,es
Soledad,Sol,es
Soledad,Sole,es
Soledad,Solete,es
Soledad,Soleá,es
Soledad,Solitario,es
Susana,Gusi,es
Susana,Musi,es
Susana,Sani,es
Susana,Sus,es
Susana,Susi,es
Susana,Susie,es
Susana,Susu,es
Svetlana,Lana,es
Sánchez,Sanchez,es
Tadeo,Deo,es
Tadeo,Ta,es
Tadeo,Tadeito,es
Tadeo,Tadi,es
Tadeo,Tato,es
Tamara,Mara,es
Tamara,Tam,es
Tamara,Tami,es
Tamara,Tara,es
Tanislao,Tanis,es
Telesforo,Foro,es
Telesforo,Tele,es
Telmo,Telmito,es
Telmo,Temo,es
Teodora,Dodo,es
Teodora,Dora,es
Teodora,Tea,es
Teodora,Ted,es
Teodora,Tedi,es
Teodora,Teo,es
Teodoro,Ted,es
Teodoro,Tedi,es
Teodoro,Teo,es
Terencio,Tencho,es
Teresa,Tere,es
Teresa,Teresita<ref name=UPB />,es
Teresa,Tesa,es
Teófilo,Teo,es
Teófilo,Toffe,es
Tiberio,Berito,es
Tiberio,Tibe,es
Tiburcio,Burio',es
Tiburcio,Buru,es
Tiburcio,Tibi,es
Tiburcio,Tibo,es
Tiburcio,Tibu,es
Tiburcio,Tibur,es
Tiburcio,Tiburcito,es
Tiburcio,Tiburi,es
Timoteo,Teo,es
Timoteo,Tim,es
Timoteo,Timmy,es
Timoteo,Timo,es
Tirso,Titi,es
Tobías,Tobi,es
Tobías,Toto,es
Tomás,Tomaso,es
Tomás,Tomasín,es
Tomás,Tomi,es
Tomás,Toto,es
Trinidad,Trini,es
Téylor,Tey,es
Téylor,Tey-Tey,es
Ulises,Uli,es
Urania,Uris,es
Uriel,Uri,es
Uvaldo,Valdo,es
Valente,Vale,es
Valentina,Tina,es
Valentina,Tinina,es
Valentina,Tinuca,es
Valentina,Val,es
Valentina,Vale,es
Valentina,Valen,es
Valentín,Tino,es
Valentín,Tinín,es
Valentín,Vale,es
Valentín,Valen,es
Valeria,Val,es
Valeria,Vale,es
Vanessa,Vane,es
Vanessa,Vani,es
Vanessa,Vania,es
Varinia,Vari,es
Vega,Ve,es
Venustiano,Venus,es
Vera,Ve,es
Verónica,Nica,es
Verónica,Roni,es
Verónica,Ronica,es
Verónica,Ronnie,es
Verónica,Vero,es
Victoria,Tori,es
Victoria,Vic,es
Victoria,Vica,es
Victoria,Vicky,es
Victoria,Viki,es
Victoria,Viky,es
Victoria,Vini,es
Victoria,Viqui,es
Victoria,Vito,es
Vinicio,Nicho,es
Vinicio,Vini,es
Virginia,Ginia,es
Virginia,Vicky,es
Virginia,Villi,es
Virginia,Viqui,es
Virginia,Vir,es
Virginia,Virgi,es
Viridiana,Viri,es
Virtudes,Vi,es
Virtudes,Vir,es
Virtudes,Virtu,es
Visalia,Vichy,es
Visalia,Vis,es
Visalia,Visa,es
Visalia,Vizz,es
Víctor,Vic,es
Víctor,Viti,es
Víctor,Vititor,es
Víctor,Vito,es
Víctor,Vitoco,es
Víctor,Vitolo,es
Víctor,Vitín,es
Víctor,Vítor,es
Walterio,Walter,es
Wenceslao,Lao,es
Wenceslao,Wence,es
Wenceslao,Wences,es
Wenceslao,Wenchi,es
Wilfredo,Fred,es
Wilfredo,Fredo,es
Wilfredo,Ilfre,es
Wilfredo,Wil,es
Wilfredo,Wilchi,es
Wilfredo,Wilf,es
Wilfredo,Wilfi,es
Wilfredo,Wilfre,es
Wilfredo,Wili,es
Ximena,Mena,es
Ximena,Xime,es
Xochitl,Xochi,es
Yaiza,Yai,es
Yaiza,Yaizita,es
Yaritza,Yari,es
Yaritza,Yarit,es
Yasira,Yas,es
Yerko,Yako,es
Yerko,Yerki,es
Yerko,Yerkito,es
Yesenia,Yesi,es
Yolanda,Yola,es
Yolanda,Yoli,es
Yolanda,Yoya,es
Yonatan,Jona,es
Yonatan,Joni,es
Yonatan,Yona,es
Yonatan,Yoni,es
Yumara,Mara,es
Yumara,Yuma,es
Yumara,Yumari,es
Zacarías,Cari,es
Zacarías,Zac,es
Zacarías,Zaca,es
Zacarías,Zack,es
Zaira,Zai,es
Zaira,Zairi,es
Zaira,Zairita,es
Zenón,Zenito,es
Zenón,Zenín,es
Zoe,Zo,es
Zoe,Zowi,es
Zoe,Zozo,es
Zoraida,Zo,es
Zoraida,Zor,es
Zoraida,Zora,es
Zoraida,Zorda,es
Zoraida,Zori,es
Zulay,Zula,es
Zulay,Zulaca,es
Zulay,Zuly,es
Zuleima,Zule,es
Zulema,Zule,es
Álvaro,Alele,es
Álvaro,Alo,es
Álvaro,Alolito,es
Álvaro,Alolo,es
Álvaro,Alvarico,es
Álvaro,Alvaricoque,es
Álvaro,Alvarito,es
Álvaro,Coque,es
Álvaro,Valo (Português) Lolo,es
Álvaro,Varito,es
Álvaro,Varolo,es
Élida,Eli,es
Élmer,Elmerito,es
Úrsula,Sula,es
